,Tg,Tk,n,Damage_e6
0,1124.72,420.429,13601.47,4.2434e-08
1,1137.987,427.34,13675.05,1.04307e-07
2,1151.216,434.235,13748.256,2.49141e-07
3,1164.408,441.114,13821.094,5.89874e-07
4,1177.562,447.978,13893.559,1.365484e-06
5,1190.68,454.825,13965.665,3.092843e-06
6,1203.761,461.657,14037.414,6.890434e-06
7,1216.805,468.473,14108.8,1.5116999e-05
8,1229.814,475.273,14179.844,3.2916563e-05
9,1242.786,482.057,14250.532,7.1168583e-05
10,1255.723,488.826,14320.875,0.000148291414
11,1268.464,495.595,14391.45,0.000303626835
12,1280.882,502.38,14462.713,0.000615547786
13,1293.26,509.149,14533.65,0.00122732177
14,1305.6,515.902,14604.271,0.002416231599
15,1317.902,522.641,14674.566,0.004679299908
16,1330.166,529.365,14744.551,0.008990938859
17,1342.392,536.073,14814.214,0.016885872211
18,1354.584,542.767,14883.568,0.031710059014
19,1366.739,549.445,14952.616,0.058044003009
20,1378.86,556.109,15021.35,0.105548122208
21,1390.946,562.757,15089.779,0.188607919381
22,1403.171,569.374,15157.412,0.331592478263
23,1415.709,575.939,15223.491,0.585484517847
24,1428.219,582.49,15289.263,1.027586107259
25,1440.702,589.025,15354.722,1.769553440521
26,1453.158,595.545,15419.875,3.039276385918
27,1465.589,602.051,15484.728,5.126247341237
28,1477.995,608.543,15549.279,8.575018817494
29,1490.374,615.019,15613.532,14.144951740608
30,1130.106,422.354,13625.324,5.6355e-08
31,1143.418,429.281,13699.048,1.3769e-07
32,1156.692,436.192,13772.396,3.28551e-07
33,1169.929,443.088,13845.375,7.73393e-07
34,1183.128,449.967,13917.982,1.772193e-06
35,1196.288,456.83,13990.223,4.028718e-06
36,1209.414,463.678,14062.107,8.967072e-06
37,1222.502,470.51,14133.633,1.9652557e-05
38,1235.554,477.325,14204.804,4.2570589e-05
39,1248.569,484.125,14275.622,9.1154717e-05
40,1261.55,490.909,14346.098,0.000189893553
41,1274.416,497.685,14416.511,0.000388383633
42,1286.876,504.484,14487.918,0.000787145095
43,1299.297,511.268,14559.002,0.001562358576
44,1311.678,518.037,14629.758,0.003072678957
45,1324.022,524.791,14700.2,0.00594896816
46,1336.327,531.529,14770.318,0.011381319068
47,1348.596,538.252,14840.124,0.021287233382
48,1360.828,544.96,14909.611,0.039660414776
49,1373.026,551.653,14978.793,0.072591656902
50,1385.189,558.331,15047.662,0.131015695466
51,1397.318,564.994,15116.223,0.233273355601
52,1409.502,571.633,15184.263,0.412846219973
53,1422.082,578.212,15250.451,0.728834081294
54,1434.636,584.776,15316.333,1.274520170972
55,1447.161,591.325,15381.9,2.200809459563
56,1459.66,597.859,15447.157,3.731167769412
57,1472.133,604.379,15512.114,6.293228966407
58,1484.58,610.883,15576.768,10.459635742074
59,1497.014,617.374,15641.147,17.301878475791
60,1135.467,424.268,13649.068,7.3969e-08
61,1148.824,431.211,13722.937,1.80563e-07
62,1162.142,438.139,13796.424,4.30407e-07
63,1175.423,445.05,13869.539,1.012171e-06
64,1188.665,451.945,13942.284,2.327594e-06
65,1201.872,458.825,14014.665,5.215417e-06
66,1215.04,465.688,14086.682,1.1548108e-05
67,1228.171,472.535,14158.341,2.5504062e-05
68,1241.267,479.366,14229.647,5.4962187e-05
69,1254.327,486.181,14300.599,0.000117099275
70,1267.35,492.98,14371.203,0.000243650368
71,1280.339,499.763,14441.46,0.000498171338
72,1292.84,506.577,14513.012,0.001004948363
73,1305.303,513.377,14584.234,0.001977427238
74,1317.726,520.16,14655.135,0.003888190132
75,1330.111,526.928,14725.713,0.007495904696
76,1342.459,533.682,14795.973,0.01422538905
77,1354.77,540.419,14865.916,0.026795408251
78,1367.044,547.142,14935.538,0.049722144533
79,1379.284,553.849,15004.851,0.090655571372
80,1391.489,560.542,15073.853,0.163506430318
81,1403.659,567.218,15142.541,0.290051422883
82,1415.806,573.879,15210.979,0.513285898958
83,1428.43,580.472,15277.286,0.90285626481
84,1441.025,587.05,15343.27,1.57323780802
85,1453.593,593.613,15408.943,2.707291104172
86,1466.146,600.161,15474.334,4.589769339602
87,1478.677,606.695,15539.429,7.737321263896
88,1491.183,613.214,15604.224,12.859221131704
89,1503.661,619.719,15668.709,21.326497587301
90,1140.804,426.171,13672.699,9.74e-08
91,1154.205,433.131,13746.71,2.37481e-07
92,1167.568,440.075,13820.339,5.65507e-07
93,1180.893,447.002,13893.594,1.316209e-06
94,1194.18,453.913,13966.477,3.010465e-06
95,1207.429,460.808,14038.992,6.740294e-06
96,1220.641,467.687,14111.146,1.4914709e-05
97,1233.817,474.549,14182.938,3.2761555e-05
98,1246.956,481.396,14254.377,7.0841014e-05
99,1260.058,488.226,14325.456,0.000149505136
100,1273.124,495.04,14396.191,0.000311001044
101,1286.155,501.838,14466.574,0.000630218136
102,1298.777,508.659,14537.99,0.001265750442
103,1311.281,515.473,14609.356,0.002509414752
104,1323.746,522.272,14680.397,0.004912671563
105,1336.173,529.055,14751.114,0.009393550407
106,1348.562,535.822,14821.509,0.017953401002
107,1360.914,542.574,14891.584,0.033678538862
108,1373.23,549.311,14961.344,0.062245910121
109,1385.512,556.033,15030.791,0.112636775843
110,1397.758,562.739,15099.919,0.202406604523
111,1409.97,569.43,15168.733,0.359068547182
112,1422.145,576.106,15237.344,0.635383916038
113,1434.758,582.72,15304.008,1.120756617401
114,1447.413,589.313,15370.146,1.939387234193
115,1460.04,595.891,15435.962,3.326012096858
116,1472.641,602.453,15501.474,5.654347841172
117,1485.214,609.0,15566.671,9.443803591753
118,1497.762,615.533,15631.568,15.738630723666
119,1510.284,622.051,15696.155,25.869164239206
120,1146.118,428.065,13696.226,1.2739e-07
121,1159.562,435.041,13770.374,3.08825e-07
122,1172.97,442.0,13844.145,7.3134e-07
123,1186.339,448.944,13917.54,1.708655e-06
124,1199.67,455.87,13990.559,3.904676e-06
125,1212.963,462.781,14063.209,8.734729e-06
126,1226.218,469.675,14135.496,1.9225583e-05
127,1239.436,476.553,14207.422,4.237161e-05
128,1252.618,483.414,14278.989,9.1154717e-05
129,1265.764,490.259,14350.202,0.000190581219
130,1278.874,497.088,14421.062,0.000394606633
131,1291.947,503.901,14491.572,0.000805781793
132,1304.685,510.73,14562.855,0.001610957608
133,1317.23,517.559,14634.363,0.00317959955
134,1329.737,524.372,14705.544,0.006172731319
135,1342.206,531.169,14776.396,0.011887588689
136,1354.636,537.952,14846.931,0.022463494353
137,1367.031,544.718,14917.14,0.041812724388
138,1379.388,551.469,14987.03,0.076989888261
139,1391.711,558.205,15056.607,0.139758111238
140,1403.999,564.925,15125.869,0.250230491369
141,1416.254,571.63,15194.81,0.446826371947
142,1428.493,578.321,15263.573,0.787783588742
143,1441.099,584.96,15330.707,1.37583612431
144,1453.798,591.566,15396.953,2.395634339966
145,1466.468,598.157,15462.878,4.080883926607
146,1479.111,604.733,15528.491,6.914810734193
147,1491.727,611.294,15593.796,11.580988200039
148,1504.317,617.84,15658.791,19.238334603117
149,1516.881,624.371,15723.479,31.523371902426
150,1151.334,429.922,13719.32,1.66324e-07
151,1164.823,436.914,13793.606,4.02847e-07
152,1178.274,443.889,13867.512,9.53044e-07
153,1191.686,450.848,13941.041,2.204397e-06
154,1205.06,457.79,14014.198,4.988954e-06
155,1218.395,464.715,14086.981,1.1153355e-05
156,1231.694,471.625,14159.401,2.4741647e-05
157,1244.955,478.518,14231.456,5.4251491e-05
158,1258.179,485.394,14303.152,0.000115615482
159,1271.367,492.254,14374.493,0.000242567465
160,1284.518,499.098,14445.48,0.000499935855
161,1297.635,505.925,14516.114,0.001016297705
162,1310.484,512.761,14587.265,0.002023092187
163,1323.071,519.604,14658.911,0.003976335732
164,1335.618,526.432,14730.23,0.007719212945
165,1348.128,533.244,14801.222,0.014805742516
166,1360.599,540.04,14871.886,0.027958665578
167,1373.035,546.82,14942.229,0.05203954455
168,1385.433,553.585,15012.248,0.095755558361
169,1397.797,560.335,15081.955,0.173177050439
170,1410.126,567.069,15151.342,0.30691405151
171,1422.421,573.787,15220.408,0.548083381132
172,1434.746,580.496,15289.374,0.969186263389
173,1447.331,587.157,15356.929,1.697480685755
174,1460.072,593.777,15423.276,2.927232430594
175,1472.783,600.381,15489.307,4.970375941384
176,1485.468,606.971,15555.026,8.418572069915
177,1498.126,613.544,15620.426,14.10022123176
178,1510.758,620.103,15685.524,23.350839878266
179,1523.364,626.647,15750.313,38.147702175825
180,1156.31,431.692,13741.346,2.14717e-07
181,1169.841,438.699,13815.763,5.14779e-07
182,1183.333,445.689,13889.8,1.217222e-06
183,1196.787,452.662,13963.459,2.801202e-06
184,1210.201,459.619,14036.742,6.36468e-06
185,1223.578,466.56,14109.653,1.4158772e-05
186,1236.917,473.483,14182.199,3.1371301e-05
187,1250.219,480.39,14254.377,6.8461032e-05
188,1263.483,487.281,14326.195,0.000144579644
189,1276.711,494.155,14397.658,0.000303369471
190,1289.904,501.012,14468.763,0.000622587035
191,1303.06,507.854,14539.519,0.001260390365
192,1316.013,514.696,14610.549,0.002517976701
193,1328.639,521.553,14682.328,0.004929172081
194,1341.226,528.395,14753.777,0.009601362931
195,1353.775,535.22,14824.896,0.018343451787
196,1366.287,542.03,14895.69,0.034397359774
197,1378.761,548.824,14966.157,0.063992382855
198,1391.198,555.602,15036.305,0.116532757633
199,1403.601,562.365,15106.131,0.211457694151
200,1415.97,569.112,15175.639,0.375979430961
201,1428.312,575.844,15244.841,0.67145842023
202,1440.713,582.57,15313.983,1.183296446696
203,1453.28,589.252,15381.943,2.052712230352
204,1466.06,595.885,15448.396,3.53880352235
205,1478.812,602.501,15514.524,6.046555104183
206,1491.537,609.103,15580.336,10.148466591849
207,1504.235,615.69,15645.839,16.893816300245
208,1516.907,622.261,15711.031,27.897981356764
209,1529.551,628.817,15775.91,45.710469228691
210,1161.266,433.454,13763.276,2.72806e-07
211,1174.838,440.475,13837.824,6.53816e-07
212,1188.371,447.48,13911.99,1.538196e-06
213,1201.866,454.468,13985.779,3.554465e-06
214,1215.322,461.44,14059.191,8.036755e-06
215,1228.739,468.394,14132.229,1.7843952e-05
216,1242.119,475.332,14204.898,3.99069e-05
217,1255.461,482.253,14277.199,8.6271196e-05
218,1268.767,489.158,14349.143,0.000181377301
219,1282.035,496.046,14420.722,0.000378910107
220,1295.267,502.918,14491.947,0.000774331619
221,1308.465,509.773,14562.818,0.001573158579
222,1321.521,516.622,14633.734,0.00312983368
223,1334.185,523.493,14705.648,0.006102583361
224,1346.812,530.348,14777.226,0.011840524585
225,1359.399,537.187,14848.476,0.022536219835
226,1371.949,544.01,14919.396,0.042401994712
227,1384.462,550.817,14989.984,0.078594660975
228,1396.94,557.609,15060.258,0.14262129644
229,1409.382,564.385,15130.205,0.256971626899
230,1421.789,571.144,15199.829,0.458659423198
231,1434.214,577.894,15269.251,0.816341836564
232,1446.657,584.633,15338.501,1.433902430997
233,1459.209,591.337,15406.866,2.495031860567
234,1472.03,597.982,15473.417,4.287574105635
235,1484.821,604.612,15539.644,7.279437080181
236,1497.587,611.226,15605.554,12.18176479267
237,1510.323,617.825,15671.148,20.402204208317
238,1523.036,624.409,15736.437,33.592255555815
239,1535.72,630.977,15801.409,54.881823813159
240,1166.203,435.207,13785.116,3.51106e-07
241,1179.816,442.243,13859.799,8.3697e-07
242,1193.391,449.263,13934.095,1.958886e-06
243,1206.926,456.265,14008.009,4.50386e-06
244,1220.423,463.251,14081.547,1.0134084e-05
245,1233.881,470.22,14154.71,2.2779191e-05
246,1247.301,477.172,14227.504,5.0032003e-05
247,1260.684,484.108,14299.93,0.000107675009
248,1274.029,491.026,14371.992,0.000227233303
249,1287.338,497.928,14443.694,0.00047264005
250,1300.61,504.813,14515.033,0.00096932598
251,1313.847,511.682,14586.021,0.001946057492
252,1327.003,518.539,14656.829,0.003856408409
253,1339.708,525.423,14728.868,0.00754583082
254,1352.372,532.292,14800.577,0.014584022816
255,1365.0,539.144,14871.953,0.027654350903
256,1377.589,545.981,14942.999,0.051842678877
257,1390.141,552.801,15013.713,0.095399910107
258,1402.656,559.605,15084.103,0.173708745262
259,1415.139,566.394,15154.179,0.310996898523
260,1427.585,573.167,15223.919,0.556903827016
261,1440.093,579.934,15293.566,0.987939220401
262,1452.579,586.687,15362.927,1.746592935617
263,1465.119,593.412,15431.692,3.019093111885
264,1477.979,600.071,15498.341,5.171976585011
265,1490.811,606.713,15564.665,8.754429654142
266,1503.615,613.339,15630.673,14.653646632936
267,1516.392,619.95,15696.364,24.393610180469
268,1529.143,626.546,15761.738,40.052288488609
269,1541.868,633.127,15826.808,65.257966942459
270,1171.119,436.957,13806.899,4.46947e-07
271,1184.774,444.008,13881.711,1.069819e-06
272,1198.389,451.042,13956.138,2.490997e-06
273,1211.966,458.059,14030.181,5.673598e-06
274,1225.503,465.059,14103.844,1.2761248e-05
275,1239.001,472.042,14177.132,2.865301e-05
276,1252.462,479.009,14250.05,6.264316e-05
277,1265.884,485.958,14322.594,0.000135318062
278,1279.271,492.891,14394.781,0.000284301695
279,1292.619,499.806,14466.6,0.00058878919
280,1305.931,506.705,14538.062,0.001202469719
281,1319.208,513.588,14609.164,0.002404390101
282,1332.449,520.453,14679.911,0.004781382497
283,1345.205,527.35,14752.041,0.0093187734
284,1357.909,534.232,14823.874,0.017941412536
285,1370.575,541.097,14895.377,0.033894768489
286,1383.203,547.947,14966.546,0.063312403498
287,1395.794,554.781,15037.39,0.116102536844
288,1408.35,561.598,15107.901,0.210691066402
289,1420.87,568.4,15178.094,0.378457382925
290,1433.383,575.189,15248.025,0.677810488025
291,1445.944,581.971,15317.827,1.198422721272
292,1458.474,588.738,15387.313,2.10464782665
293,1471.004,595.484,15456.444,3.63889877409
294,1483.904,602.154,15523.19,6.194557322983
295,1496.775,608.809,15589.611,10.550958911366
296,1509.619,615.448,15655.716,17.553079644238
297,1522.436,622.071,15721.498,29.136691466309
298,1535.227,628.679,15786.971,48.125462866388
299,1547.99,635.272,15852.129,77.955757183631
300,1175.999,438.77,13829.057,5.73484e-07
301,1189.696,445.836,13904.001,1.365411e-06
302,1203.352,452.886,13978.56,3.163078e-06
303,1216.969,459.918,14052.73,7.264279e-06
304,1230.547,466.933,14126.525,1.6276111e-05
305,1244.086,473.931,14199.941,3.6298292e-05
306,1257.587,480.912,14272.985,7.898214e-05
307,1271.05,487.876,14345.658,0.000169062602
308,1284.476,494.824,14417.966,0.000355230655
309,1297.864,501.754,14489.905,0.000738284
310,1311.217,508.667,14561.486,0.001501290683
311,1324.533,515.563,14632.705,0.002989470593
312,1337.815,522.443,14703.573,0.005920686375
313,1350.641,529.351,14775.718,0.011494060252
314,1363.384,536.247,14847.683,0.02204516511
315,1376.09,543.127,14919.318,0.041786175663
316,1388.757,549.99,14990.617,0.077473722434
317,1401.389,556.838,15061.584,0.142097964566
318,1413.984,563.669,15132.229,0.257751667662
319,1426.544,570.484,15202.539,0.463044588015
320,1439.087,577.288,15272.586,0.824022005098
321,1451.686,584.083,15342.502,1.461323797346
322,1464.25,590.862,15412.096,2.557785422942
323,1476.796,597.623,15481.428,4.393640414948
324,1489.734,604.306,15548.268,7.525839749961
325,1502.644,610.973,15614.782,12.662109269731
326,1515.525,617.624,15680.974,21.193599084481
327,1528.38,624.26,15746.85,35.07489576679
328,1541.209,630.881,15812.412,57.265854787799
329,1554.01,637.486,15877.656,93.30756334039
330,1180.861,440.576,13851.123,7.27914e-07
331,1194.598,447.657,13926.199,1.724308e-06
332,1208.295,454.722,14000.889,4.010741e-06
333,1221.953,461.769,14075.193,9.1655e-06
334,1235.571,468.799,14149.113,2.0513821e-05
335,1249.151,475.812,14222.654,4.5746795e-05
336,1262.692,482.808,14295.825,9.9443888e-05
337,1276.195,489.787,14368.623,0.000211894358
338,1289.661,496.748,14441.05,0.000446796588
339,1303.09,503.693,14513.113,0.000917313606
340,1316.482,510.62,14584.81,0.001857659104
341,1329.839,517.53,14656.15,0.003712112038
342,1343.159,524.424,14727.131,0.007322232817
343,1356.053,531.343,14799.291,0.014159758655
344,1368.837,538.253,14871.396,0.027160177776
345,1381.582,545.147,14943.16,0.05109415389
346,1394.29,552.025,15014.589,0.095045410045
347,1406.961,558.886,15085.685,0.173074902405
348,1419.596,565.731,15156.453,0.314003138105
349,1432.196,572.56,15226.888,0.564183167198
350,1444.773,579.379,15297.057,1.007043273902
351,1457.405,586.186,15367.079,1.773768488252
352,1470.005,592.977,15436.778,3.094584081922
353,1482.651,599.799,15507.596,5.348926192782
354,1495.648,606.506,15574.859,9.049044631665
355,1508.615,613.197,15641.771,15.317848650393
356,1521.554,619.871,15708.329,25.481400229687
357,1534.464,626.529,15774.55,42.177495703256
358,1547.345,633.17,15840.432,69.051672758647
359,1560.197,639.795,15905.967,112.184230539775
360,1186.388,442.519,13875.571,9.4861e-07
361,1200.171,449.617,13950.793,2.254858e-06
362,1213.915,456.698,14025.625,5.215385e-06
363,1227.618,463.761,14100.073,1.1802079e-05
364,1241.282,470.807,14174.134,2.6614295e-05
365,1254.907,477.836,14247.817,5.9035132e-05
366,1268.495,484.847,14321.127,0.000127675799
367,1282.043,491.841,14394.06,0.000270713485
368,1295.554,498.818,14466.623,0.000565614532
369,1309.029,505.778,14538.819,0.001169963946
370,1322.466,512.72,14610.648,0.002358397503
371,1335.868,519.646,14682.119,0.00469163383
372,1349.234,526.554,14753.228,0.009214086386
373,1362.23,533.482,14825.302,0.017871221755
374,1375.059,540.407,14897.549,0.034003271256
375,1387.849,547.316,14969.456,0.063952690089
376,1400.601,554.208,15041.027,0.118493763057
377,1413.317,561.084,15112.263,0.215610992327
378,1425.986,567.939,15183.098,0.38852833378
379,1438.707,574.894,15256.905,0.702493672199
380,1451.5,581.869,15331.362,1.269503842019
381,1464.292,588.835,15405.676,2.262855480481
382,1477.04,595.784,15479.683,3.955930733093
383,1490.084,602.54,15547.841,6.787803444937
384,1503.129,609.263,15615.192,11.54411415411
385,1516.146,615.969,15682.241,19.403203755928
386,1529.133,622.659,15748.933,32.256026942578
387,1542.092,629.333,15815.283,53.331465477666
388,1555.022,635.99,15881.287,86.993350829227
389,1567.923,642.631,15946.945,140.828043493141
390,1191.929,444.461,13900.055,1.239812e-06
391,1205.759,451.575,13975.426,2.930212e-06
392,1219.549,458.672,14050.405,6.740325e-06
393,1233.299,465.751,14124.996,1.5238191e-05
394,1247.009,472.813,14199.198,3.4469021e-05
395,1260.68,479.857,14273.021,7.605518e-05
396,1274.313,486.885,14346.468,0.000164248942
397,1287.907,493.894,14419.538,0.000346543599
398,1301.464,500.887,14492.235,0.000723701574
399,1314.984,507.862,14564.566,0.001472201189
400,1328.467,514.819,14636.529,0.002977122019
401,1341.915,521.76,14708.127,0.005920686375
402,1355.325,528.683,14779.364,0.011662015552
403,1368.425,535.619,14851.349,0.022361481421
404,1381.33,542.617,14925.519,0.042672443728
405,1394.244,549.66,15001.139,0.081037825679
406,1407.124,556.689,15076.465,0.150537170967
407,1419.971,563.704,15151.48,0.275595426862
408,1432.795,570.709,15226.26,0.5027966499
409,1445.658,577.718,15301.201,0.917179837105
410,1458.529,584.719,15376.09,1.644110328112
411,1471.365,591.703,15450.655,2.917485085914
412,1484.421,598.528,15520.458,5.061904751016
413,1497.544,605.284,15588.265,8.650341181851
414,1510.639,612.023,15655.721,14.653646632936
415,1523.702,618.744,15722.809,24.611755735872
416,1536.738,625.45,15789.619,40.868046642234
417,1549.746,632.139,15856.09,67.142561582484
418,1562.726,638.812,15922.224,109.734207165734
419,1575.675,645.468,15988.004,176.490764317891
420,1197.563,446.453,13926.208,1.624882e-06
421,1211.467,453.6,14002.205,3.835425e-06
422,1225.333,460.73,14077.846,8.773116e-06
423,1239.162,467.844,14153.121,2.0068591e-05
424,1252.951,474.941,14228.035,4.5152263e-05
425,1266.704,482.022,14302.585,9.9443888e-05
426,1280.418,489.085,14376.773,0.00021361233
427,1294.096,496.132,14450.601,0.000450348729
428,1307.738,503.162,14524.074,0.000938940304
429,1321.342,510.174,14597.18,0.001923212312
430,1334.911,517.17,14669.923,0.003869420075
431,1348.444,524.148,14742.308,0.007713772316
432,1361.89,531.126,14814.865,0.015010412324
433,1374.927,538.221,14891.405,0.029170839031
434,1387.928,545.301,14967.641,0.055995547848
435,1400.896,552.367,15043.581,0.105421648219
436,1413.831,559.419,15119.209,0.194920148207
437,1426.743,566.462,15194.6,0.35886533592
438,1439.676,573.504,15270.037,0.653969611748
439,1452.631,580.54,15345.515,1.190836333268
440,1465.55,587.559,15420.639,2.12498212108
441,1478.616,594.459,15492.217,3.718841878278
442,1491.821,601.248,15560.543,6.44708986816
443,1504.995,608.02,15628.503,10.938854522726
444,1518.14,614.775,15696.11,18.56791633241
445,1531.254,621.513,15763.349,31.067085354022
446,1544.337,628.233,15830.24,51.552508473091
447,1557.391,634.937,15896.783,84.605646665307
448,1570.42,641.626,15963.039,137.021382692838
449,1583.417,648.297,16028.944,220.819863531025
450,1203.718,448.743,13961.373,2.214367e-06
451,1217.674,455.91,14037.611,5.169313e-06
452,1231.591,463.06,14113.488,1.1802079e-05
453,1245.47,470.194,14188.993,2.6969772e-05
454,1259.314,477.311,14264.144,6.0813094e-05
455,1273.12,484.411,14338.927,0.000132521986
456,1286.889,491.495,14413.349,0.000283043257
457,1300.62,498.561,14487.404,0.000598118687
458,1314.315,505.611,14561.1,0.001235853328
459,1327.973,512.643,14634.428,0.002526560505
460,1341.595,519.657,14707.386,0.005077721296
461,1355.182,526.655,14779.988,0.010030455487
462,1368.382,533.761,14856.295,0.019781073595
463,1381.472,540.878,14933.146,0.038245217921
464,1394.528,547.982,15009.695,0.073048871727
465,1407.552,555.071,15085.942,0.136869569882
466,1420.551,562.15,15161.937,0.252664935381
467,1433.556,569.227,15237.892,0.464689209284
468,1446.592,576.298,15313.938,0.848847125243
469,1459.597,583.354,15389.673,1.533299408738
470,1472.669,590.331,15463.118,2.724120072922
471,1485.956,597.154,15531.972,4.747388436373
472,1499.212,603.96,15600.454,8.170186654304
473,1512.437,610.748,15668.571,13.934997806391
474,1525.632,617.52,15736.33,23.350839878266
475,1538.795,624.273,15803.724,39.148680583973
476,1551.929,631.01,15870.752,64.723728924723
477,1565.032,637.73,15937.438,105.841869271889
478,1578.108,644.433,16003.776,171.754377597115
479,1591.154,651.12,16069.774,275.146064881865
480,1209.844,451.021,13996.281,2.970076e-06
481,1223.855,458.209,14072.775,6.951456e-06
482,1237.828,465.38,14148.896,1.5920754e-05
483,1251.761,472.534,14224.645,3.6469622e-05
484,1265.657,479.671,14300.029,8.0671814e-05
485,1279.513,486.791,14375.037,0.000176222568
486,1293.333,493.894,14449.688,0.000375907779
487,1307.115,500.979,14523.958,0.000786511716
488,1320.862,508.048,14597.869,0.001628928422
489,1334.575,515.099,14671.419,0.003326163125
490,1348.251,522.133,14744.602,0.006622972176
491,1361.675,529.232,14820.046,0.013164392801
492,1374.858,536.387,14897.537,0.025928708347
493,1388.004,543.528,14974.712,0.049691041187
494,1401.12,550.656,15051.601,0.094749906444
495,1414.21,557.774,15128.231,0.176702630593
496,1427.289,564.883,15204.69,0.32589234955
497,1440.412,571.992,15281.356,0.604773250793
498,1453.507,579.086,15357.698,1.102778683491
499,1466.578,586.144,15433.165,1.970461617099
500,1479.947,593.001,15502.546,3.474120030225
501,1493.287,599.842,15571.564,6.029698896045
502,1506.592,606.664,15640.192,10.335938089911
503,1519.868,613.468,15708.466,17.560777577633
504,1533.114,620.256,15776.377,29.578106038319
505,1546.326,627.025,15843.907,49.249343061234
506,1559.509,633.778,15911.091,81.126198880296
507,1572.663,640.514,15977.918,132.195313126979
508,1585.787,647.233,16044.396,213.777828433805
509,1598.881,653.935,16110.531,343.144032317383
510,1215.933,453.286,14030.934,4.010741e-06
511,1229.999,460.494,14107.661,9.286479e-06
512,1244.026,467.686,14184.019,2.14333e-05
513,1258.013,474.86,14260.004,4.8561889e-05
514,1271.962,482.017,14335.618,0.000107675009
515,1285.873,489.156,14410.858,0.000233834854
516,1299.746,496.279,14485.728,0.000496003243
517,1313.582,503.384,14560.225,0.001036584437
518,1327.38,510.472,14634.354,0.002151571185
519,1341.141,517.541,14708.102,0.004319610632
520,1354.782,524.626,14782.525,0.008656275896
521,1368.058,531.82,14860.634,0.017241866696
522,1381.295,538.998,14938.434,0.033786524434
523,1394.496,546.162,15015.915,0.064436369657
524,1407.674,553.316,15093.153,0.122280527946
525,1420.825,560.46,15170.128,0.22852415992
526,1434.025,567.602,15247.331,0.42380569007
527,1447.205,574.732,15324.276,0.777716429406
528,1460.339,581.844,15400.84,1.411792348378
529,1473.729,588.772,15471.888,2.527461075801
530,1487.151,595.647,15541.436,4.395731490492
531,1500.54,602.504,15610.6,7.644968063409
532,1513.896,609.342,15679.392,13.053457010774
533,1527.222,616.163,15747.815,22.093078716543
534,1540.517,622.967,15815.87,37.073164624439
535,1553.78,629.752,15883.551,61.505678975676
536,1567.012,636.52,15950.875,101.519676753483
537,1580.215,643.272,16017.85,164.847520102285
538,1593.388,650.007,16084.472,265.66914679827
539,1606.531,656.724,16150.732,426.213871973873
540,1221.996,455.542,14065.389,5.356062e-06
541,1236.118,462.771,14142.362,1.243327e-05
542,1250.197,469.982,14218.952,2.8789167e-05
543,1264.24,477.176,14295.17,6.4826159e-05
544,1278.243,484.353,14371.013,0.000142239562
545,1292.207,491.513,14446.484,0.000307162354
546,1306.134,498.654,14521.569,0.00065312888
547,1320.023,505.779,14596.288,0.001368078122
548,1333.874,512.885,14670.623,0.002802976642
549,1347.688,519.974,14744.586,0.005663786933
550,1361.112,527.186,14822.676,0.011373551773
551,1374.444,534.403,14901.106,0.022463494353
552,1387.73,541.603,14979.197,0.043938400672
553,1400.984,548.791,15056.996,0.083970295807
554,1414.216,555.97,15134.546,0.157999508676
555,1427.479,563.144,15212.212,0.29391658655
556,1440.739,570.309,15289.721,0.544533032364
557,1453.966,577.459,15366.91,1.0046268579
558,1467.341,584.478,15440.233,1.797985685961
559,1480.846,591.387,15510.318,3.205274238094
560,1494.317,598.278,15580.015,5.586210328293
561,1507.756,605.15,15649.333,9.587847392612
562,1521.163,612.005,15718.276,16.457613250794
563,1534.538,618.842,15786.844,27.749303496483
564,1547.882,625.662,15855.04,46.392676752151
565,1561.193,632.463,15922.864,76.691448030232
566,1574.475,639.247,15990.328,126.139389676794
567,1587.726,646.014,16057.433,205.240884734617
568,1600.948,652.764,16124.194,329.64786768299
569,1614.139,659.497,16190.604,528.574108075776
570,1228.038,457.789,14099.673,7.137523e-06
571,1242.212,465.038,14176.873,1.6576031e-05
572,1256.347,472.269,14253.705,3.8079295e-05
573,1270.443,479.483,14330.149,8.5954521e-05
574,1284.499,486.68,14406.217,0.000187518395
575,1298.517,493.859,14481.908,0.000405900698
576,1312.498,501.02,14557.221,0.000858290122
577,1326.439,508.163,14632.148,0.001788134825
578,1340.344,515.289,14706.702,0.003644636184
579,1354.002,522.482,14783.582,0.007381440036
580,1367.426,529.738,14862.677,0.014805742516
581,1380.812,536.979,14941.428,0.029302592081
582,1394.161,544.204,15019.849,0.056420648944
583,1407.478,551.419,15097.996,0.108464831339
584,1420.797,558.624,15176.081,0.203143547585
585,1434.123,565.819,15254.104,0.378671027871
586,1447.436,573.006,15331.894,0.703252086776
587,1460.788,580.118,15407.608,1.278892251208
588,1474.375,587.062,15478.224,2.28579808759
589,1487.931,593.988,15548.47,4.03313217868
590,1501.451,600.895,15618.317,7.044101640984
591,1514.94,607.784,15687.787,12.115280678265
592,1528.396,614.655,15756.869,20.594564088141
593,1541.82,621.507,15825.582,34.796764518142
594,1555.213,628.343,15893.923,57.962487855695
595,1568.574,635.16,15961.893,96.008977669059
596,1581.904,641.959,16029.49,157.348370591174
597,1595.203,648.742,16096.736,253.766061607585
598,1608.473,655.507,16163.632,409.567212122018
599,1621.711,662.256,16230.166,655.444713622301
